{    
    "Arecanut": "images/Arecanut.jpg",
    "Arhar/Tur": "images/Arhar.jpg",
    "Bajra": "images/Bajra.jpg",
    "Banana": "images/Banana.jpeg",
    "Barley": "images/Barley.jpeg",
    "Black pepper": "images/Black pepper.jpeg",
    "Cardamom": "images/Cardamom.jpeg",
    "Cashewnut": "images/Cashewnut.jpeg",
    "Castor seed": "images/Castor seed.jpg",
    "Coconut": "images/Coconut.jpeg",
    "Coriander": "images/Coriander.jpeg",
    "Cotton(lint)": "images/Cotton(lint).jpeg",
    "Cowpea (Lobia)": "images/Cowpea (Lobia).jpeg",
    "Dry chillies": "images/Dry Chillies.jpeg",
    "Garlic": "images/Garlic.jpeg",
    "Ginger": "images/Ginger.jpeg",
    "Gram": "images/Gram.jpeg",
    "Groundnut": "images/Groundnut.jpg",
    "Guar seed": "images/Guar Seed.jpg",
    "Horse-gram": "images/Horse-Gram.jpeg",
    "Jowar": "images/Jowar.jpg",
    "Jute": "images/Jute.jpeg",
    "Khesari": "images/Khesari.jpg",
    "Linseed": "images/Linseed.jpeg",
    "Maize": "images/Maize.jpeg",
    "Masoor": "images/Masoor.jpeg",
    "Mesta": "images/Mesta.jpeg",
    "Moong (Green Gram)": "images/Moong (Green Gram).jpeg",
    "Moth": "images/Moth.jpg",
    "Niger seed": "images/Niger Seed.jpeg",
    "Oilseeds total": "images/Oilseeds.jpeg",
    "Onion": "images/Onion.jpeg",
    "Other Rabi pulses": "images/Other Rabi Pulses.jpeg",
    "Other Cereals": "images/Other Cereals.jpeg",
    "Other Kharif pulses": "images/Other Kharif Pulses.jpeg",
    "Other oilseeds": "images/Other Oilseeds.jpeg",
    "Other Summer Pulses": "images/Other Summer Pulses.jpeg",
    "Peas & beans (Pulses)": "images/Peas & Beans (Pulses).jpg",
    "Potato": "images/Potato.jpeg",
    "Ragi": "images/Ragi.jpeg",
    "Rapeseed & Mustard": "images/Rapeseed & Mustard.jpeg",
    "Rice": "images/Rice.jpeg",
    "Safflower": "images/Safflower.jpeg",
    "Sannhamp": "images/Sannhamp.jpeg",
    "Sesamum": "images/Sesamum.jpeg",
    "Small millets": "images/Small Millets.jpeg",
    "Soyabean": "images/Soyabean.jpeg",
    "Sugarcane": "images/Sugarcane.jpeg",
    "Sunflower": "images/Sunflower.jpeg",
    "Sweet potato": "images/Sweet potato.jpeg",
    "Tapioca": "images/Tapioca.jpeg",
    "Tobacco": "images/Tobacco.jpeg",
    "Turmeric": "images/Turmeric.jpeg",
    "Urad": "images/Urad.jpeg",
    "Wheat": "images/Wheat.jpeg"

}
